period,entity_id,segment,scenario,room_nights,adr
2026-01,HOTEL_A,Transient,budget,1060.6,189.0
2026-01,HOTEL_A,Group,budget,578.5,155.0
2026-01,HOTEL_A,Contract,budget,289.3,132.0
2026-01,HOTEL_A,Transient,actual,1077.0,186.86
2026-01,HOTEL_A,Group,actual,587.4,149.24
2026-01,HOTEL_A,Contract,actual,293.7,130.17
2026-02,HOTEL_A,Transient,budget,984.6,189.0
2026-02,HOTEL_A,Group,budget,537.1,155.0
2026-02,HOTEL_A,Contract,budget,268.5,132.0
2026-02,HOTEL_A,Transient,actual,975.5,190.05
2026-02,HOTEL_A,Group,actual,532.1,154.16
2026-02,HOTEL_A,Contract,actual,266.0,132.6
2026-03,HOTEL_A,Transient,budget,1208.0,189.0
2026-03,HOTEL_A,Group,budget,658.9,155.0
2026-03,HOTEL_A,Contract,budget,329.4,132.0
2026-03,HOTEL_A,Transient,actual,1183.4,188.25
2026-03,HOTEL_A,Group,actual,645.5,152.68
2026-03,HOTEL_A,Contract,actual,322.8,133.55
2026-04,HOTEL_A,Transient,budget,1283.0,189.0
2026-04,HOTEL_A,Group,budget,699.8,155.0
2026-04,HOTEL_A,Contract,budget,349.9,132.0
2026-04,HOTEL_A,Transient,actual,1281.0,187.83
2026-04,HOTEL_A,Group,actual,698.7,154.55
2026-04,HOTEL_A,Contract,actual,349.4,130.01
2026-05,HOTEL_A,Transient,budget,1473.1,189.0
2026-05,HOTEL_A,Group,budget,803.5,155.0
2026-05,HOTEL_A,Contract,budget,401.8,132.0
2026-05,HOTEL_A,Transient,actual,1492.9,190.94
2026-05,HOTEL_A,Group,actual,814.3,152.99
2026-05,HOTEL_A,Contract,actual,407.2,133.39
2026-06,HOTEL_A,Transient,budget,1596.7,189.0
2026-06,HOTEL_A,Group,budget,870.9,155.0
2026-06,HOTEL_A,Contract,budget,435.5,132.0
2026-06,HOTEL_A,Transient,actual,1791.5,186.02
2026-06,HOTEL_A,Group,actual,663.7,156.32
2026-06,HOTEL_A,Contract,actual,460.9,130.43
2026-07,HOTEL_A,Transient,budget,1767.7,189.0
2026-07,HOTEL_A,Group,budget,964.2,155.0
2026-07,HOTEL_A,Contract,budget,482.1,132.0
2026-07,HOTEL_A,Transient,actual,1821.8,192.86
2026-07,HOTEL_A,Group,actual,993.7,159.82
2026-07,HOTEL_A,Contract,actual,496.9,131.03
2026-08,HOTEL_A,Transient,budget,1738.3,189.0
2026-08,HOTEL_A,Group,budget,948.2,155.0
2026-08,HOTEL_A,Contract,budget,474.1,132.0
2026-08,HOTEL_A,Transient,actual,1794.3,189.69
2026-08,HOTEL_A,Group,actual,978.7,155.75
2026-08,HOTEL_A,Contract,actual,489.4,132.98
2026-09,HOTEL_A,Transient,budget,1496.9,189.0
2026-09,HOTEL_A,Group,budget,816.5,155.0
2026-09,HOTEL_A,Contract,budget,408.2,132.0
2026-09,HOTEL_A,Transient,actual,1476.8,187.82
2026-09,HOTEL_A,Group,actual,805.5,154.35
2026-09,HOTEL_A,Contract,actual,402.8,131.17
2026-10,HOTEL_A,Transient,budget,1443.7,189.0
2026-10,HOTEL_A,Group,budget,787.4,155.0
2026-10,HOTEL_A,Contract,budget,393.7,132.0
2026-10,HOTEL_A,Transient,actual,1454.1,189.51
2026-10,HOTEL_A,Group,actual,793.2,151.9
2026-10,HOTEL_A,Contract,actual,396.6,131.08
2026-11,HOTEL_A,Transient,budget,1169.0,189.0
2026-11,HOTEL_A,Group,budget,637.6,155.0
2026-11,HOTEL_A,Contract,budget,318.8,132.0
2026-11,HOTEL_A,Transient,actual,1137.5,190.65
2026-11,HOTEL_A,Group,actual,620.4,159.78
2026-11,HOTEL_A,Contract,actual,310.2,132.1
2026-12,HOTEL_A,Transient,budget,1149.0,189.0
2026-12,HOTEL_A,Group,budget,626.7,155.0
2026-12,HOTEL_A,Contract,budget,313.4,132.0
2026-12,HOTEL_A,Transient,actual,1109.2,191.54
2026-12,HOTEL_A,Group,actual,605.0,154.81
2026-12,HOTEL_A,Contract,actual,302.5,128.74
2026-01,HOTEL_B,Transient,budget,739.9,152.0
2026-01,HOTEL_B,Group,budget,271.3,128.0
2026-01,HOTEL_B,Contract,budget,222.0,110.0
2026-01,HOTEL_B,Transient,actual,739.7,155.03
2026-01,HOTEL_B,Group,actual,271.2,128.1
2026-01,HOTEL_B,Contract,actual,221.9,111.47
2026-02,HOTEL_B,Transient,budget,686.9,152.0
2026-02,HOTEL_B,Group,budget,251.9,128.0
2026-02,HOTEL_B,Contract,budget,206.1,110.0
2026-02,HOTEL_B,Transient,actual,725.6,152.09
2026-02,HOTEL_B,Group,actual,266.0,128.33
2026-02,HOTEL_B,Contract,actual,217.7,111.0
2026-03,HOTEL_B,Transient,budget,842.7,152.0
2026-03,HOTEL_B,Group,budget,309.0,128.0
2026-03,HOTEL_B,Contract,budget,252.8,110.0
2026-03,HOTEL_B,Transient,actual,834.1,152.28
2026-03,HOTEL_B,Group,actual,305.8,124.84
2026-03,HOTEL_B,Contract,actual,250.2,107.81
2026-04,HOTEL_B,Transient,budget,895.1,152.0
2026-04,HOTEL_B,Group,budget,328.2,128.0
2026-04,HOTEL_B,Contract,budget,268.5,110.0
2026-04,HOTEL_B,Transient,actual,878.0,150.44
2026-04,HOTEL_B,Group,actual,321.9,126.26
2026-04,HOTEL_B,Contract,actual,263.4,110.14
2026-05,HOTEL_B,Transient,budget,1027.6,152.0
2026-05,HOTEL_B,Group,budget,376.8,128.0
2026-05,HOTEL_B,Contract,budget,308.3,110.0
2026-05,HOTEL_B,Transient,actual,1016.4,150.6
2026-05,HOTEL_B,Group,actual,372.7,127.46
2026-05,HOTEL_B,Contract,actual,304.9,108.32
2026-06,HOTEL_B,Transient,budget,1113.8,152.0
2026-06,HOTEL_B,Group,budget,408.4,128.0
2026-06,HOTEL_B,Contract,budget,334.2,110.0
2026-06,HOTEL_B,Transient,actual,1095.2,148.9
2026-06,HOTEL_B,Group,actual,401.6,129.13
2026-06,HOTEL_B,Contract,actual,328.6,108.56
2026-07,HOTEL_B,Transient,budget,1233.2,152.0
2026-07,HOTEL_B,Group,budget,452.2,128.0
2026-07,HOTEL_B,Contract,budget,370.0,110.0
2026-07,HOTEL_B,Transient,actual,1166.1,163.44
2026-07,HOTEL_B,Group,actual,427.6,134.48
2026-07,HOTEL_B,Contract,actual,349.8,118.5
2026-08,HOTEL_B,Transient,budget,1212.6,152.0
2026-08,HOTEL_B,Group,budget,444.6,128.0
2026-08,HOTEL_B,Contract,budget,363.8,110.0
2026-08,HOTEL_B,Transient,actual,1187.3,159.78
2026-08,HOTEL_B,Group,actual,435.3,139.72
2026-08,HOTEL_B,Contract,actual,356.2,113.96
2026-09,HOTEL_B,Transient,budget,1044.2,152.0
2026-09,HOTEL_B,Group,budget,382.9,128.0
2026-09,HOTEL_B,Contract,budget,313.3,110.0
2026-09,HOTEL_B,Transient,actual,984.1,165.66
2026-09,HOTEL_B,Group,actual,360.8,135.66
2026-09,HOTEL_B,Contract,actual,295.2,117.08
2026-10,HOTEL_B,Transient,budget,1007.1,152.0
2026-10,HOTEL_B,Group,budget,369.3,128.0
2026-10,HOTEL_B,Contract,budget,302.1,110.0
2026-10,HOTEL_B,Transient,actual,964.6,150.43
2026-10,HOTEL_B,Group,actual,353.7,129.07
2026-10,HOTEL_B,Contract,actual,289.4,112.97
2026-11,HOTEL_B,Transient,budget,815.5,152.0
2026-11,HOTEL_B,Group,budget,299.0,128.0
2026-11,HOTEL_B,Contract,budget,244.6,110.0
2026-11,HOTEL_B,Transient,actual,812.9,150.14
2026-11,HOTEL_B,Group,actual,298.1,128.35
2026-11,HOTEL_B,Contract,actual,243.9,112.05
2026-12,HOTEL_B,Transient,budget,801.6,152.0
2026-12,HOTEL_B,Group,budget,293.9,128.0
2026-12,HOTEL_B,Contract,budget,240.5,110.0
2026-12,HOTEL_B,Transient,actual,801.5,148.45
2026-12,HOTEL_B,Group,actual,293.9,126.54
2026-12,HOTEL_B,Contract,actual,240.5,107.65
